id,Accept
82e99051e9c,1
df1cfad8fb6,0
2d3d3198980,0
3f56f41d280,0
cca77d2e8a4,0
9748108048c,0
5665def7238,0
c10f5af72d1,1
8ad1fb4ceb0,0
b006d0f4563,1
a8258232eac,1
bdca759bb79,1
09e01ea404c,0
ca711a51a1a,1
41340ed5318,0
ef0f1ebd4d2,0
bab1ef5b5fd,0
2b0b59d6a25,0
9c5bf7986b3,0
9761c4d5baf,0
6419076427a,1
1b8adeb5a17,0
db627b5ed1a,0
21279c09f25,0
84f7e24a692,0
15739b5a1b0,1
ed8a7f52c07,0
012fe5a7218,1
63fec34d3a4,1
5e644d73f7d,0
22c559059e2,0
0d0044bd17b,0
e0ad528ee16,0
620362f7bcd,1
bc46adaf60f,0
5dfdc21ed4f,1
cbb1c1411b8,1
4991d8d036e,1
9d4b97d157c,1
a7ff283fc18,0
ea39f2aecb5,0
68e95674400,1
769b5b76754,0
c00e40fc019,1
501783490dc,1
da206006f0d,1
012717af074,0
cc7fc68e39f,0
3d081ace08b,1
c0d8881de7e,0
052bf2634fb,1
6298c480147,1
e88b9906a42,0
46a5bce24ed,0
ab9dc7ba7e7,1
d128b743361,0
82cc8b1615a,0
5901c150f9a,1
bcd478286e6,0
905141a735b,0
d73df635723,0
50d8c19869b,1
7da324f6816,0
02b45cc4c65,1
51939528bac,1
72c8e862127,1
9c30bae2956,0
31b08a4d569,1
1498bea9378,1
1732c36dade,0
33fec20da06,0
bd6b131188d,0
7c4bd7da793,0
b476efc3041,1
764663d07fc,1
6f9e42e6717,1
f65d3fb983d,1
a2feb44f53a,0
778c0821d8f,1
e9dec645634,1
7061d46bcbe,1
4f4feabee61,1
bc76ebe79e1,0
305b7d3b7d9,1
f6ecb438955,0
3b295d24ac7,0
83566df2985,0
8083bc7323b,1
d4e54d2a89f,1
84460b1f374,0
28c72989715,0
6816f1e7909,1
61766a20326,1
0c8e982045e,1
938ec846a54,0
5cde30e43b1,0
f994045b3d3,0
6582945bfdf,1
4d2b5b90277,1
a48a0773fde,1
e213e843695,1
db50d320cad,1
b41ccd7e271,0
15975aebc9d,1
2bb46d885d1,0
fd7bae9ea4d,0
4be9744cc04,1
0018f9d3203,1
9f133d773d7,0
166925d293c,0
b72e9be2540,1
004d5bb7caf,0
8e6d64a0e12,1
b6b85baf872,1
5b7f35934b3,1
d08b39b7f37,1
92e8b1416ce,1
3632c30e2e7,1
4d4a843b8f5,1
d4d8433c167,1
67386279b9d,0
e711df31a67,0
c5f7ea37702,0
9baf8f37b80,0
c670769c1bf,0
2fa9876ec6e,0
c6f5a9deea0,0
e723b262a3c,0
e749bedb8ce,1
19c42db96e6,0
4a3d68ed971,0
85ae7e2f982,1
c71afe7dc53,0
1d018d0e603,0
bd0d6b9d5d7,0
2603409e84f,0
0f2e5159cdc,0
ce0fc3c079f,0
b226499ecd9,0
223d94a1091,1
43f22f6ae3a,0
62399734997,0
f30fde03c45,1
a068b3372ca,0
5dd33140a02,1
c89dc1e3764,0
13d4b4e69e6,0
93d5efe79bd,0
ac936b17c99,1
54428808f1b,1
5d5bb76daa8,1
cad5574524e,0
4e2e8f008e2,0
13d8a065a50,0
363cf95d5d0,1
e1b25de32cb,0
308d1f87d09,0
9f0da78049a,0
e079217c6e9,0
c90b65fb771,1
62271f2cb88,0
affa19dfbc2,0
0fc35bc8a1c,1
7bf773aa2e9,0
4dee80e8c3a,0
4f88cee1511,0
6f2b640a528,0
ac41b62f375,1
b70ed89d6d0,0
a1d8a3d6b7c,1
f643983fe8a,0
45c24fbe9ce,0
f46ee56def0,1
dac5a293974,0
1870cce214b,0
24659277138,0
3cb0b0858e7,0
54921b5937a,0
826fc18576b,0
9d334e2feeb,1
b59451fe8c4,1
dd3d408134b,1
ed0ac1d36c1,0
e07edbd2d5e,1
071b148bed0,1
5dd8a146ccf,0
8a5dbd07a8a,1
39ce5e4076d,1
d67078e0a4f,0
d69db92d30c,0
19ac5c24ae4,0
603ce010184,1
32b23ba9fea,0
a2e64657993,0
987ba861e55,0
0c91eea09ff,0
9ccbe5b39bc,1
6449c06a291,1
96ff1bd656a,0
41b7ab5d23e,1
9053fb19a60,1
b333c8a9463,0
ae2bef6a29d,0
01d42c4d9e5,1
a558e6a708e,0
113a2d54851,0
ef6d3461dee,0
463f04cd274,0
def3051dbad,1
bbd5a36e52f,1
3f99dc6f088,0
cb7c2acad47,1
d6f494d4ea9,0
ec6882b1a45,0
06c196ee5cd,1
4868e359451,0
c314fb5dcc0,0
f44ce768ebe,0
c3ebfd1b323,0
e046723261a,1
29d65fea7a0,1
0566fd4876e,0
9550042d7f3,1
2d5fc2b0605,0
b53942a7a64,0
0794bb35335,0
d09a731466b,0
5d88e51c9ec,0
e4dcf0a26a5,1
54828789ac9,1
74e0034d576,1
e3ebfa24796,0
6ef5ad65d9d,1
1d48a3ef438,1
ad429bbcf2b,0
91b1c0bf907,0
1e3eed7a73e,0
b83143fe241,1
de911f35456,1
61591c0db9b,0
0c0e9ea1fcb,0
e9e0aefc2b3,1
e513ed0b440,1
0f867b42164,0
f63b85707e1,1
4749eb10c33,1
d14ce183860,1
fec7fa95e19,0
5845e467e4f,1
438c81b336a,0
539ff5ff909,0
4e32f7dbff8,0
6e5e1992d6f,0
607e5dd8864,0
6c73f2d7f9b,0
9e762385b3b,0
af7838e14a4,0
85858963066,0
6e6d7e6097a,0
f2a8e37144d,0
e662ac49b20,1
467a9b29d22,0
85e6e29d974,0
7cb99f7155c,0
0af9e289468,0
57c49eba849,1
672cf08fca8,1
fda152bf4ac,1
23a6721219e,0
d48c4eb3ad1,0
93b55ac5d34,0
2cab8064a11,0
ee2960cf971,0
e3c1dfa4346,0
6aaa0b98b52,0
d2719d8bbd2,0
a8b8c777c5d,0
2db7b50b1bb,0
6a179846de7,1
b456b96413e,0
53cac6844ea,1
96c145dd93f,0
4b127fbf0d7,0
ea84d00b420,1
f420182179a,0
469eb97545e,0
2b3379bf71f,0
ab7eaa7a29e,1
461d8747b03,0
beafd0289ec,0
1c940fecc31,1
721d7717717,1
849f1efc7b1,0
c2b3edb4332,0
1f20dbc35af,1
0672dc0bf7d,1
3b5be22123f,0
647c9b7cdb3,0
d017a27f572,0
d0760e92558,1
b013a235044,0
2ab4e29803e,0
2630dd0a35c,1
40b251e9cf8,0
669c7db5f64,1
d44c999d86e,1
b146b48b548,0
f90b7ee57a8,0
d5ea24aaec7,1
195abf17fce,0
9232adde941,0
0fa8c6e7f8e,0
229ef5b25b3,1
5c762a26897,0
bf3ca6097d1,1
8ead8d229f7,0
96137362a48,0
02083086c1a,0
3749dee7236,0
46f68d95690,0
ecc4fc3a404,1
5e6be572854,0
1377c91adc3,0
9b9624f1bfa,0
5d8f0e72b66,1
d0adeaa8cf2,1
08c20e8cbe1,1
1e56b37bd93,0
ce3c8d53e56,0
5c7a544a2f3,0
ce4215b38d6,1
3374acdca7b,1
781ab22d2a7,1
f384b7dc477,0
7b7ab00da49,0
79423210784,0
2379a9b3d88,1
878d581f1e4,0
7c6aefb6f09,1
dde85b70f2d,0
ba4423bd005,0
66e2b566819,0
af9cd156548,0
20d0b323b19,0
ded8a29eb43,0
f2c9cbbcb2d,0
39abfbbafeb,0
b7f4f781015,1
f8e378cc1c3,0
482fa875e4b,1
a48ef48b731,1
84b7d1c85c9,1
c42d3934517,0
debb7c11d8d,0
2fe6ba093d5,0
fd530f330d5,1
f1d809f73e0,0
94beeb6b3ba,0
e60c1138ddd,0
d1488959585,1
3a76e01570b,0
aaf59076cef,0
ac84883fb74,1
71d39f50c25,0
24db2dc2ccd,1
39850162df7,0
81b37d8fc8e,0
c70e7b8bc04,1
d3265008e30,1
92b9c19604e,0
041ddc8f8e3,0
00bce1f230c,1
5851fdbda61,1
a3663784df0,1
b72748a6b96,0
f18f26893bf,0
aebd5da4e9a,1
e9194ce128b,0
1252c1d356f,1
b7081057ec6,0
702e2694a8f,1
78795f09735,1
dd37224e5bc,0
89913c0f784,0
5c0c20c8cf7,1
41d184ef547,1
9f8b700968b,1
41dd23d2e74,0
648db0c4af6,1
1cb16178516,0
3e668a81594,1
4ccfa20dbad,1
24ecdf171c7,0
bfce1d0090c,1
16a64fc307c,1
63f2ed9d297,0
85717db7fc8,0
c9e8d895018,1
e5e3bceabd4,0
0f78d927824,1
7c0c14dd6fd,1
a2ba2a0007f,0
8a841e15d13,1
49c2a8ffe1c,0
cdef6be154a,0
318d104d7e8,0
d30a32f22b6,0
48f80dcc3e0,1
de3c8539228,1
fa55e43db78,1
7ecbb6064f0,0
6276582cfe8,1
4d287fd53ee,1
47ee5b03512,0
d53762c9b1f,1
bcdbafafed8,1
83e32af9619,1
02f1bcc383b,0
38602c192c4,0
35fd8a0e366,1
55ace8dfc5e,0
f23dd887c11,0
331b98498cf,0
6ebd927f99a,1
7b9fbebde8a,0
b5948496fc0,0
5fa346c184b,1
2cf458c4531,0
3f0ef7fec96,0
963c5a9c242,0
328add44dd9,0
14d85f418e4,1
a75e57b2fc7,0
8059d69ca87,0
9d9a88be3e3,0
fa31490d0a2,0
cfa84318ae2,0
4aa2b73e75f,1
9b06a7c4d7f,1
0f4947413d6,0
141c7805839,0
bb4b39ef42c,0
43498cb35ec,0
7f1ed2b79c6,0
ddb1a99d208,1
268802072b9,0
d2fadb6b590,0
87922579fcd,0
b26778640f9,1
966834ded3a,0
9f8bff0ac32,0
d0683afcde3,0
1b80259d6d3,1
968fc529b38,0
ec5625ac156,0
30d9249c3fc,1
83c0d8e6b8b,1
89aedc85035,0
c49eda2cd12,1
18c9ffd89a7,1
fa91725f7b1,1
597b9625caf,0
3880c769836,1
31c5b354a6a,1
6a085226313,0
7981cfdacc9,0
f0d3af0f022,0
7423f32fc50,1
5421f545649,1
8641894c1d3,1
3376dd77fc8,1
e7018d0de30,0
24c53037bec,1
6995d6e91f0,0
8bcb50c2972,1
cd8e3963bc2,1
8bb6ceb165b,1
784ac1c85be,1
e8b4a3214a9,0
83091f1aec5,0
058f4308f30,1
55c48f1273c,1
9cc35c3ad85,1
9b8cbd925fd,1
6a1f155a8cc,1
32af15947c0,1
7e1fde9073b,1
d38d6a57c3e,1
ec7807ec7f4,0
f0e8930a7d3,1
15af6332149,1
45f4e5fb495,1
b5f87731af0,0
5ce4d9c100c,1
8350ab0168e,1
aa72409bdf6,0
b4f474fcf30,1
ac9f06b558a,1
5b316fc4b3b,1
01c59025aed,0
40c75eb06aa,1
1e746448b9a,1
561af50af3c,1
c9d8657c020,0
ce6ec7daee7,1
298542b67a9,0
b3bee9c3a08,1
2b76d372f61,1
8a205bcc1ee,1
7e495e11f72,0
0d4b9a8cf01,1
5f44b5546ca,0
809875ce5af,1
34e6cf6e98c,0
6b0bc2127b4,0
5975af6c170,1
ea092516549,1
68e060bfb58,0
bebaabb4afd,0
c91a97d778c,1
fc30766feac,0
fd8639dfb60,1
67868699c82,1
f6475455c7d,0
7757a48dbb4,1
34b66245720,1
c20497cec4b,0
dc4b85e7693,1
cf268f88fab,1
cbe5b1f8107,0
01f73bd6db8,1
810d94631df,0
eb38b612ccf,1
3e876e1d37e,0
d0c9d6071c8,1
437203f63d6,0
6b03158f7d1,1
16be3da0f64,0
d69968b4dea,1
a26ca1a4aef,0
4fc7d7a9ff1,1
be9c14f3011,1
6b0fd320320,1
1427594dd53,0
baa6ba4c325,0
2e9f5938fd1,1
6772915343f,0
ac6f90ba978,1
8d9d8ac6d67,0
a3f8b9e35ef,0
04841d4d89d,0
16fea0034ea,0
6b5f22730b1,1
659b33a91da,0
d46068811f0,0
6f107df0f50,0
19bef613e1e,1
12623d2d3f9,0
d805c2273ab,0
bf5056687cc,1
6726360a623,0
17bf46b8c24,0
d45c87e6734,0
a30d62b72b2,0
5d0bec054d2,1
ccf0d7225b3,1
55b14252f52,0
1aef6189014,0
6ff756adaf1,0
5ee7b196944,0
beefb5d56bf,1
95d231289e4,1
3aeb1a648f3,1
95a6c4a6fb2,1
16129b6408b,0
1d2c96713c3,0
ee08e254f40,0
9e5ac4f712e,1
985551a1b62,0
eb4866c49fa,1
07b8fab7ac5,0
b7e28712497,1
99f62f16d39,0
272f1eac337,0
c7d0f41d52b,0
7f976af5bb7,1
87646e830f4,1
8e76fd32506,1
47a627471ab,1
c7ccf8be02a,1
093a6625a25,0
05cdd69480a,0
6cabc008e98,0
c370d8afe76,0
66f6ef30e20,0
0a8234f54aa,0
a1ed95d6e9c,0
c11afff7213,0
ed8d8039d3f,0
500fdb61c70,1
2aa22d33366,1
caf9ededa56,1
89690b8728f,0
82c21a14727,0
d7b3a714784,0
a8e8f2a7b7c,0
eda7bd7b93e,1
711d0eeac89,1
6a977f71db2,0
3c2baf71292,0
913b03dd9e5,1
ec04e0ea0c8,0
e93f00e9230,0
893d18be110,1
22a9967fbf0,0
213308dda3a,0
65ee63dc8ea,1
9c9fb668a68,0
fc8d595721a,0
7c16d31442e,1
a2ab30e4a66,1
dc6a99fa666,0
d17f720dcf5,1
38a56692cce,1
72096cee7b7,1
507c7624400,0
32828546714,0
e456c7b5eb3,0
50a6732b771,1
6b0d43cfa93,0
95f9e89a853,0
2c7b58ba79c,0
996b14a0fd4,1
1680ead2488,0
1c4d396db02,0
3192f61a0a9,1
aab5980e835,0
d27f6836149,0
38fbb8a6114,0
663ebcc5c8f,1
92c9b4e3a0d,1
78207129302,1
b869f83999c,0
18593278066,0
2341e6a1817,1
91dd3c4bf6f,0
c9a518026ae,0
99d2caef6b3,1
4b5e1d93293,0
95d2d8f6958,1
c3cf4a13816,0
184e56233ab,0
92f3e2bb4e0,0
6cc2e6abd6a,1
5150e117d40,0
e90e3bba4e2,1
852ad946a9b,1
9e91254307d,1
3793726b5db,0
2026966764b,1
23a95c159ec,1
99718d6e7d0,0
adae2636077,1
e84667f0394,0
3d6a2d4c5c4,0
037929460ae,0
ac9c3f682fd,1
e6074cf1e67,0
5d920cebc4f,1
ba44760671e,0
ae4eccc1f76,1
589a73b4130,0
8029cf2f3b9,0
25af1e86009,0
bc5a435f923,0
748e330cad8,0
49444dd0eca,0
fa7731b1158,1
f9563f42ba3,0
52317f9503b,0
1cf58276fe9,0
f7523fe3fa9,1
f4544546b1c,0
428f74a768d,0
f4e74e625d6,0
464ab481625,1
707a344133e,0
92113feeab4,1
84e8d290f9e,1
bc85279802d,1
29e213af8ca,0
f63c92e67a0,1
4915875a8a5,0
9eff79e6fd0,1
8a078b0ebb8,1
b87d6b5d07e,1
f843229a231,0
c99a24b953d,0
241c5e4e184,1
33bc79ecf7f,0
88b608ea5c7,0
0b529ad4c17,1
2c7c9bad50d,0
a25210302ba,1
cf380b20d90,0
9d0f4cd387a,0
f7e24062724,0
b2cd8cf98f4,0
46ddce3ffc3,1
78b3467cf6c,0
ca5ed683f42,1
aadcf90226f,1
021f63ccc5c,0
d2d178eb095,0
827ea5f3c7a,0
4b5673442ec,1
43ffaebd6ae,0
7d51a69e77d,0
72269830c33,0
6a903a9d8fe,0
1f006d5e0d5,0
6d41cd8565d,1
e1f2161d225,0
f5664f51518,0
fbaee67abfc,0
0a23c3f4a0b,1
cd1a42b3055,1
38db051e0d2,1
029ffccf642,1
9197c15790a,0
7af6c1bf430,0
d808a04f9fd,0
9af75ae15fc,0
a323a48304c,1
c113a8f5b74,0
af77c252a9b,1
5499f09350a,1
7f03d46668a,1
882a19bee9e,1
a01cdb4714b,1
d1179fb3c0e,0
b547ea6923b,0
ea62f66c84d,0
1fc2ca652db,0
6c0fe04e74b,0
07eced890d4,1
652ee427654,0
1c4693f5234,1
6ae5be43a23,0
876becc1149,0
0c5aab69862,0
89de4f5ac26,1
77f988befa7,1
9effa2be43e,0
64a81b5118a,0
7780b6968d0,0
7527300e7ac,1
9bc3ed6a52b,0
3f72ece3f8c,1
2e2438c3afe,0
ccf491e3cec,1
4d45553dc07,1
0bea7bc6971,0
4a96aa398de,0
3a88b787551,0
c2fe9c6cee5,1
ab073fba9e5,1
e5c0a4a7a72,1
e0f976e920b,0
6c06d55cbb0,1
332001f4883,0
c58571981ad,0
4375f4ed698,0
3fb7cdc4f5a,0
c6fb357a4fa,1
6460b89961b,1
4ff1065a1d6,1
d4c5ef79820,1
067265ff03b,0
70be3df4d21,1
84f81ea6480,0
64cf6889e01,1
6e6b206e0e4,0
2bcc381735d,1
b7a547393fe,1
731a8019ec3,0
819bee776f3,0
41c1f97c827,1
883a7ac38ae,1
ff87911a5b0,0
2d15f043dbd,0
8f571fd059b,0
f98a8c32c79,1
abcaa8c3f8e,1
7cfa575b8fe,1
b3623c8b575,0
dcfe9afe64b,1
8c29654d24a,0
6b9aacba25e,0
7661351c2a2,1
20708140b29,1
ae55b4afbd6,1
d8ba1610439,1
3ccd985da81,0
e948c0a017c,1
c947133dd83,0
3245b8c3935,0
1a5d767a51a,0
e89319a7885,0
4b967fba81b,0
5ae5cb59bb1,1
4a4bd05ca5d,1
c0201fd12a1,1
325d78031be,1
c47062298e4,0
f60e5de1cca,0
25814dabadb,1
7c97ea61941,0
4d79f1d26f6,0
4ced0051ffe,0
131a6cb6ac4,1
c1c442447ec,0
e3589fac99d,0
ec4e24fcd87,0
ece1b4bdf4c,1
11b43ed27b9,0
129d7eb32e6,0
7de3bee988a,0
cdbe113ae0a,0
6098a557f4e,0
af3a4f55ae6,1
c82e5a4c449,0
faba5f65978,0
739eca8fd9d,0
26530a2ac5f,0
d1c812c572c,0
e9b975ccba1,1
d9d417bf91c,1
6cfac682e4b,0
7100bb911bc,1
69d2a08eda6,0
b6e6f612768,1
c979aebf2b0,0
d8bc4fa86c3,1
acd78f4c41d,0
e18de95de5d,0
14638bba650,0
ac539f47dc9,0
5d787d65359,1
2ffe1317ef6,1
eb5bd356a3c,1
14b23fe9cc6,0
0f530de74cd,0
9eedf747050,0
be5d91b1bb7,1
dd60c98ae50,0
1af629792c1,0
677060fd8ca,0
980496911e9,0
a1eef51d6c7,0
190d9192fba,0
b62cdb65dcf,1
78afc4c33fa,0
d45ef23f320,0
31e17ff701c,0
3de795ff773,1
727e3875af7,1
5b9c237db24,0
d77b55be582,1
4a80fc1b579,1
576177575f9,1
e2dd3e298f1,1
b2c70740029,1
90a21df7147,0
9742b2f4ce4,1
dcc6739d66c,1
c81ba8ccf7a,1
ac2c5b06848,0
b66c6a9ba81,0
3207cb5865b,0
c6cf350619a,1
7a71489464b,0
05e69f4f0d5,1
5090b9c2ffd,1
b0efb185371,1
146cf35d35f,1
e4483dce855,0
fd2de4f3cf2,1
3a3527462b1,0
8b1084a214c,1
99676ed4ab4,0
8abb99c2d92,0
dd713cde24b,1
8e64d6bd6d1,1
0be593b9df8,1
6c78b01aeee,0
c21507490d7,0
f3478004039,1
d5d3b582422,0
f7897eab21b,1
f41e20815f2,0
466128bb7aa,0
7afc657a8ae,0
098de66b048,1
95393dd313d,1
e30333a9c03,1
361493af32d,0
bbce0a993e0,0
64599a8dba9,1
71f3cc5ad55,0
831d991d72f,0
6c1c4dddb5e,0
bb132372279,1
0f24775e0b4,0
8787c9d919e,0
76fafba115f,0
b672fbf09b8,0
54e1d886565,1
e7e634df4ea,0
20ff65a05e2,0
616bb319e92,0
23e4b573305,1
341ac64420a,0
20deb24fecf,1
d83efe320b2,0
a14299bd5f4,1
a2425b8d3f5,0
d96aee07b12,0
52ec12d7976,1
2d6d24336e4,0
19105759713,1
a6e6620a46d,0
ff25a415718,0
0343ec172a1,1
50d21e1ad72,1
d5366e346c7,1
c7bf9de8f2e,1
4700886beda,0
9d900e53518,0
060d7e3e033,1
88893a0f27d,0
532906deaca,1
58e3bec7517,1
91bd042824a,1
51d6d55e345,0
e1d83eb66a9,0
b475f7a4ac7,0
fd6e69c51ef,0
abf84939c42,1
d0161c50178,0
95c31dbaade,1
7cdc4ae8ae5,0
51d7d20d56a,0
4544c77cf23,0
73fdf31b1cf,1
e674b76cb00,1
bca8b348061,1
1895c183962,0
d06feb91b13,0
60aff33eaeb,1
4db2b499179,1
e3aff1c9169,0
1a4f9e87ff5,1
1c1c19ddd09,0
eff3519c93c,0
4b3e12a7bba,1
3aeea0503d3,0
97ac0d5994b,1
69334221c0f,0
9a0b7055a01,0
0fc8a2b243a,0
9ddefe66157,0
423c87f9edc,1
c5d6b494cd7,0
5fa15d33090,0
f0d9ba78578,1
3bb74b3a9b1,0
7c93af845e8,1
a49a38c3b6d,1
89ca7948ef1,0
c799c1e603b,1
df92859def0,1
8eacbb6e403,1
468e1089cd8,1
1e8545c9149,0
6c64fcb305d,1
bd41d529cb0,1
90901eec51c,0
a260c9ed894,1
1c06c6c21ac,0
5dd7bf7db36,0
87d95dce994,1
f83b45c67d9,0
9c74dde77fa,1
e37e74ec9e7,0
ad971b335b0,1
9689be4d5d3,0
bb77a5be6c1,1
16d3ad0ea27,0
391fa7b85d6,1
5e7038a323a,0
53c14ec9489,1
b66072a0826,1
dfbdd5fa4f1,1
88020e210a7,0
ee6987977eb,0
1df9b1263a5,0
727f9ad905b,0
66e8f6af38e,0
2e7546f0265,1
eb7a755bc51,1
223de006fca,0
83dfd4a14a5,0
2e9a2e5be02,0
9080ad5fd88,0
3b9ba41528c,1
f7203648970,0
cf438da80c6,0
f0aa013b3a9,0
5928dcd4a57,0
1eb96acb395,0
f88d55a5a30,0
8ba80b3917e,0
32f3fbc8a5a,1
7bfd7680914,0
897e93ed42e,1
7bfa6507878,1
e593e606766,0
9dc536a815d,1
e8ed7f1677d,1
34474c18c15,1
52f0f784d18,1
bd0d4ecc59c,0
7d5b9898891,1
957506a2890,1
b6a3ded65e4,1
d1791d0257d,1
b30d60cef55,0
899c7690dc8,0
2d0f0f5bb6d,0
5e94a503823,0
a922ea0c53a,1
cab6b974329,0
5515c1cbf4d,1
ae185016863,0
aa0ca34e62c,1
273b0c29661,0
e8499a14045,1
27d1d88dbc8,1
97a63e561cc,0
d6a9b05f503,0
f2b86324956,1
56e2107a2c4,1
a5e0a21c27a,0
a2542305d5e,1
9313d2b22d0,1
c8d269796bf,0
6331a0ecda1,0
68b35523812,0
4c1a849005e,1
757d5dfb6b1,1
bbe678ef784,1
26c6b8d1840,0
65d9dba09e9,1
c1ce3ab2924,1
98efb044258,0
f88a6ea2ef6,1
22f1200846d,0
66975790415,0
6d7695e6db3,0
98d207d537b,0
65fdb3a0828,0
495c768f0e1,1
4f3fb96ac71,1
0cfc8912508,1
5545ab12b2c,0
90c878e32c4,1
650fcd951c7,0
76fc7a15166,1
2854092b275,0
89658b00b12,1
0dd20ce2f6b,0
8c7d7233b35,0
4a12aad203b,0
99e6e5b29ac,0
473d2695556,0
97fc87add60,0
9c8999ac04f,1
68126329937,0
a2a709e6bb5,1
18828c3f858,0
9ec183cdad3,1
47681e3d3d3,0
d33441330f4,0
ca6cba53d42,1
b647df03727,1
b21a4dcba1c,0
bfc16462be7,0
bf800f4e3ee,0
106014e146d,0
6a9ffd95dc8,1
0beec1a162e,1
f398992dafc,1
e2da4b04f43,0
932b82e34da,1
58e1cb52553,0
0f9a53b6b96,0
7f5f012f2f4,0
cb499c17e33,1
8d51d044a31,0
ed0dc56fb4e,1
5611051794e,0
8114ef224f7,0
fcea3145f18,0
94ff5056957,1
6b47fc80e36,1
342ac35eb5d,1
b5bc7030cda,0
dcd2c9232f5,0
d9b3858f49d,0
f89fa796471,1
005d69bb2bd,0
2f924b5d748,1
eed9d069f66,0
21ebe480901,1
5cbac827f11,0
232ab77efd3,0
90ef0c9d30e,1
f59580c8fdf,1
be8cb31f6a9,0
0c7bc8a5f1c,1
f66c9be5513,1
920f870522c,0
30fe4ee9466,1
c9eafcbfa04,0
1c7bf04b842,0
7972cfcfa5b,0
1c25dd2b481,1
47ccd493b47,1
57c4d9226de,0
339e8c506fb,1
8d8ec01a2fe,0
c2ca8e8c0ed,0
965804cba54,0
369376e4995,1
793d4b36965,0
b3680bce1d1,0
fecd756f15c,0
72e922c1107,0
07b357cc374,1
c2fe9d955f2,0
435dc6e130d,1
05abac587fc,0
907ad00a7b5,0
b541852ebd0,0
04a4e89c616,0
5159eed3ba6,1
0019eaa8ab0,0
8a9cd4452f5,1
bb389354c43,1
85c28486a70,0
0532c1c5343,0
a71b8f4611a,1
befee98749b,1
7c097aec66d,0
39bb0a02df5,0
a9429ab11f3,1
873c0d75004,1
e1b3702685f,0
0838fefd338,0
35fd662f61f,1
a24ce6d30e9,0
123971fe860,0
fc8fcc545b2,1
4dcb1cb04f1,0
c7ed08eb577,1
0754663eb6f,0
5c5fd2eea5a,0
e52c9e10886,0
346e6fce4f4,0
ac22e9222da,0
02dabe7586e,1
558c9e2ce4b,0
173878066b9,1
146723155d3,0
fbe0b7a6eb8,0
205222e92ea,1
024ea7ac9c0,0
f60d2cdb96a,1
09ccff76b29,1
8e6075ce1dd,1
588c4798a0d,1
272b2d26e2d,1
2dc26780f9f,1
d1a0142d32b,0
d2cbfb29caf,0
8a4cb1cedef,1
95ea74c17bd,0
1dfb89937c2,1
9e533f6774f,1
5975a42d1ad,0
a835066b20b,0
3bd657f9a83,1
47b01401896,0
3932728f67a,0
611a7cfd925,1
66e5797893e,0
c9e155379d5,0
4f15142c435,0
6966a678681,0
0aaf4ff4841,0
5d6d58ca9e0,1
1989736a71d,1
cf24bb70ebf,0
391de854872,0
eaca5436e28,0
8580d15975a,1
d4eef384401,0
1dae0e81ef2,1
aa253f7c528,0
6264f91811c,1
79c556ac3df,1
386af4a491b,1
ac4f316a157,0
342fc6f91e4,0
ee5152786b5,0
9a357e99931,1
92890de1c04,0
92f731b57fc,0
299dce9e41a,0
af0484bea54,1
20bee4c80f8,1
46d500ce7bd,1
e2352bfdcdf,0
81a8f66b241,1
4f0be01764b,1
cc7ba01af9e,0
148d2c9b18f,0
b828de8cb26,0
4b07c1c4df0,0
ec0cf9ee0d5,0
1940014dafc,1
6b2a175f34b,0
9c9fccd9d84,0
8165f7cac26,1
50ce9972ad2,0
afd560cea8b,0
91977322b06,1
7cefe8a60c3,0
5a6138392df,1
8b10ddbc295,1
e778122172b,1
72e9474798b,0
8cbc003b85c,0
9dada7dcca9,0
401116d0b4e,1
d81b62b4a62,1
0cc1a41aadc,1
0448e04a592,1
4fea051b1a4,0
b237a074f0c,1
7934348807f,0
35b6c70f58b,0
98010510074,1
91f77696b6e,0
93a69520bce,0
422185145ee,0
e5ddbcde9ca,1
18e4c89fc45,0
95cfac18e71,1
78ba6247940,0
3737c1b6452,1
b276c6226c2,0
7ffd7ee52b5,1
3049453cf8c,1
d2a3a146c02,1
0f4f0c8c85f,1
de582f822a7,0
5ed6682c9e0,1
ed04b9208f2,0
3db5815a9fe,0
7ec3617fe67,1
b164fbeab55,1
7db3b936cdb,1
12220a63498,0
64643a89fc3,0
ac3698c236c,0
4b4a8fca56a,0
887f8c3f087,0
3aa48b8b1aa,1
d0dc58cdd07,0
9608069f7d5,0
ef4756e9c33,0
5ef75ccad75,1
4e969ba01bc,1
63fa40d3a98,0
9b4abb3912c,1
dce9febe3b8,0
7692241b23d,1
eaaf78f7e89,1
d3ac741d6d4,0
e7d25e431f1,1
bad2fba04e6,1
3cd76afb68e,1
0e2fca17a4e,1
c42ea3e04c4,0
0ca2641c67a,0
a9ec0010dc3,0
6f80dd583c7,0
ae586847956,1
84dfcd6d221,0
c5a0ede84fc,0
ee66fd358cd,0
f8e1786adb1,1
b7b15924861,1
e6fe7b5a4a5,0
0f9bee227e7,0
320296a9cf7,1
766402244f0,1
99d4f1686c4,0
640d759da68,1
8096b3a7ff5,0
ce97ff5a5dd,1
209c43929c3,1
54c53de2df9,1
1fb8b11c369,0
25d480e9d5f,1
1e450bdcc70,1
c40264af8c1,1
8a9f3679b66,1
ba99162ac32,0
6e121f4414c,0
ce5c7072c18,0
a43c5942e1a,1
2572e1d3bb3,1
eadbe9d6bed,1
f16e99b5422,1
5e8b202cb5a,1
ff815b5435d,0
9bb03bb2a80,0
a3813dee17b,1
546af638273,0
f11dd91c163,0
c7471ecd674,0
dd38b8698ff,1
56b53986ac3,1
d0bf7e2fd32,1
dd6d8f1faca,1
939f531d05b,1
4983bafb29e,0
b52ce974526,0
e9b46d372a8,0
319360cd935,0
0fa28930666,0
b2431eecfe6,1
e9631fa50b8,1
5e229ccb8d0,1
c2e81b645d4,0
f18793b5e28,1
5173c1effec,0
34c7b2911a2,1
d53dc10d106,0
6bf4d3d7db9,0
4fe764d9371,0
893c4b1b212,0
1f03967d5cb,1
befe9cbac66,0
afe0f0c09b8,0
3c81c3c213e,1
f86f5ab72c1,1
74ee1225350,1
d88c3613de9,0
4c8e443de24,1
eb5819cc073,0
c7847dd45e4,0
43904d98392,0
07a4b9c880c,1
742ed534302,0
2a5009f3ebc,1
5e6ed46de81,0
4bbfd5fa8f3,1
00e32c7520e,0
ff86cd31c8b,1
1d051bc74fd,0
7e000067e0e,0
928a2d56828,1
739c643d937,0
7d82c4925fc,0
b5a4a05f542,1
35d639cd193,1
3a56a0da967,1
d4c7c4ded15,0
24b3017239f,0
d8f2f12a720,1
e07f2968735,1
e9d1fc0246c,0
d791bddb981,0
77e942c8943,0
401c0663585,1
9a5d0440d7d,1
dd667070cd4,0
a4c077f6835,0
ef21bd539df,1
2b716f95514,1
2ba02677411,0
5da9b312b94,1
cb6df1a1b31,0
a09d13c8fb3,0
b7d32818c15,0
39d60266ce1,1
9c642265cd8,1
d621f18ef6d,0
44151112094,1
0b6f823166d,1
134099689b7,0
28df5073449,0
33281415ab9,0
24d1000841b,0
cbc3a5d430b,0
91166052cdb,0
06501468d24,0
6e7e9409775,1
08942151138,0
781f4766bf2,0
65dc4134673,0
3262b0b7200,1
6221acc0c34,1
89529b652c9,1
c33329e9c02,0
a08d405038d,0
9021d91d695,0
cd9edf17eb7,0
06f93482f22,1
095592d4ed5,0
c5c142d6883,0
933b7be690d,1
961f98f2560,1
ccc9f38b787,0
09e3306e754,1
768564ea3c7,0
9faeaa55f42,0
e7686eda7db,1
65174f664c8,0
c4bc014435e,0
80811ec9f75,1
471b95c4974,1
3ed270b2849,0
f649d52d456,0
c799b44bc30,1
88e9b40aa0e,0
3102cbe011e,1
4b939c64bc3,0
2979b72d652,0
ee46a36fa83,0
7623a84521a,1
c00ba2351a6,1
e61b18e3b59,0
18249ec44f5,1
9394ef729df,0
f218c375d9e,0
3d1851f1528,0
fe0211c5c06,0
40ef3cc1089,0
e3cb4dc6f88,1
b85da42a299,1
5d93ec6765c,1
a052a7d4426,1
f645cf823cd,1
2a9e0cba061,0
21373c29eb9,0
922bbb8c359,0
a6dfa88c419,1
05beb1076e7,0
b7878cc3cda,0
1929974f4eb,1
9ffaccbd7b7,0
469163baa88,1
7dde2455840,1
e758f90b98c,1
a75547db4f7,0
2638b5acc75,0
a7e57653875,0
e5f98e12af3,0
a6d5e1801af,0
52c7aa1f99e,1
0402f4cb6ee,0
7ca2230f0ea,1
df9e51e8bab,1
d01a00cbc1a,0
69d6637eb2a,0
5c576a8db4a,0
a8d25a85a2b,0
42c9e8bb902,0
a5f0d171ba5,0
b19905c237e,1
bd8ca7226fd,1
664e020b87d,0
884bdcbc002,0
a224e0e25b1,1
846722e2047,1
4d8d67514af,1
742514478e7,0
0e1de449098,1
012f3212567,0
eaa68420848,0
c21e6e3f4c8,1
60b00dd162a,0
597b9176249,1
03ddf568ec0,1
d0bf227490a,1
0e3052a393b,0
0a204e9b6c1,0
32707acaa06,0
6e34d104127,1
32853106213,0
1b303ae70ac,0
7323eaa1cea,0
99c3e5ea2e6,1
f9958f39d01,0
7864bc0bd95,0
b4b920834bf,1
d90ec28ba0d,1
080f2f4b07b,1
18932a7f33d,0
c2433713edf,0
61a1955c65f,0
264a81334d6,0
e28cf018d1b,1
2f0c3b4f506,0
cc5a8037991,0
a25209b9c80,0
0c2923cde13,0
5676ebf99e3,0
80c9ff9d211,0
34c0d1eb74a,0
f81de737307,0
46c9f1f495a,1
cf2405b98b1,0
e16f009ee82,0
13136de6f50,1
042f30752d1,1
c9496ccadf3,1
fb90329e090,1
269c4bfb137,1
1e092e8b862,0
32d9dc23765,0
02db5709a80,1
8901f4044e6,1
b2d442bbdc9,0
8c9a52ade6b,1
f409bfdc0c1,1
61a807b683c,1
5865047b9be,0
d86e12808cf,1
69480c2da8d,1
8295775a80c,0
a46fbc3112e,1
ce8f8558957,0
b3425107cff,0
8d85ae48f3f,0
c68829dfac9,0
52a5be9a4c0,1
aef40b922c9,1
82fe2c9a055,1
0ea8a2b99bc,0
91ac426101d,0
bc055fc7f75,1
24ee0c23cf8,0
5da0ae709fc,1
1be02cf337a,0
56e135c02b9,0
c2d20e9d664,1
7a07e0cca9d,1
94fc0905b82,0
d8abbf844e0,1
2380e31ec1b,0
f4a7e365976,1
ce69fcecdf3,0
0efed93ced8,0
e9a4c2f2da5,0
1ab05480921,0
25067672580,0
7c56c87aefb,1
b03b9cc5177,0
e0e2c2c9068,1
7b38392c3f5,1
917f3d48eab,1
88556b4e689,0
3c7c1db7c73,0
8f638f32941,0
ec5f62250fc,0
cc9db28ce12,1
953d226e515,0
8499ac712dd,0
fd83d7a598a,0
ad86087ecdd,0
f29aa0e8e0f,1
25bea6d8c35,1
d7a45898416,0
42d9cb2254a,0
72df0637ae7,0
b5f31a69900,0
3ae586250e6,0
09461462125,1
a8d7f37b50a,0
5f4717c60d7,0
51715cba1c1,1
4e7d0406eaf,0
fc2fd387e41,0
908e4a28bda,0
a51b1230368,0
7cc0ba99bf6,1
c9a112ff885,1
b7fc58ddeab,0
e6bf65178f0,0
8450f81efeb,0
c2ad3e3fe55,0
76e5e880e71,1
6ee0b16ed32,1
7e8bcf663a2,1
af042115170,1
00055626cf9,0
9965a3364be,0
94ddd6c64e9,0
4a5868c2476,0
b18c46c35b9,1
dd46490bcd4,0
cfa9b9ae9d3,1
fc70ecd229a,0
e694dad754e,1
f34c31155fc,1
e9e39a3ee41,1
fc45a36aefb,1
422e4c5c6ae,0
10d25ad0ed9,1
59b9b1251ab,1
c3d89b1b37b,0
88cb9073924,0
ada5df62fb9,0
5e5b299bf75,1
e700ef00519,0
5afe529df57,0
92219d3a367,0
83882a1e2d2,1
2d53cc92f11,0
f95441bfdd0,0
8915b6ba15a,0
9a27ef6bda1,1
328334b1e93,0
8431d0ed0a0,0
be855a87284,0
b3ac3bc366c,1
ff288d95c5e,0
35f4ded3c5e,0
e7f678289a1,0
e387884f2ec,1
fe858d30949,1
32debf49851,1
2ed08d639c1,0
04978047818,1
138b5ed9e59,1
87a904f72af,1
9ecc5ce2856,0
0853085f82a,0
564ae4cbc52,1
46932ba2193,0
20f9d3c3b5f,1
7cd1e62f80b,1
65588bba161,1
7d50315d126,0
8b0c42eeb7a,1
4d22b2ede7d,1
162b925fe6f,1
7ec69cd1568,0
9447af09f8c,0
3a012e4f68c,0
ccb229e2a3a,0
0beff8dbf1e,1
325e0a60b2d,1
180ad51f310,1
91bd756684b,1
e5c1c5dde4c,0
71280c45d59,1
63564562db2,0
78541b69313,0
44e58e276d9,1
0c7d4478604,1
6929d9c7a26,0
05f123b8564,0
19dc35aef06,1
3027b76f33a,1
d2b4331a559,0
5a3a76d471a,1
2ca0e3a5567,0
0b647ed1af8,0
84c2f3c8e83,0
632774a455a,0
ac94fe1bb41,1
a3b50a20801,0
7d60370ac75,1
553ec460c34,0
9a29f7dc817,1
c3ec0997f5c,0
d04d17eae03,1
a225ad8433f,0
7869293b54a,1
6c7addb2ca3,0
8680262b2ca,0
aadeb142dab,1
f404869ce1c,1
fd555f57bf4,1
bb35971718f,1
1a8c2d76e0b,0
d6d5daa1e1a,1
eba0e60a14b,0
4b3dcb0ebed,0
57e3a45f6f4,1
b3223662f5a,0
45d4f59887c,0
0e1e3ef67d9,1
6310673390e,1
c116dfc8bf9,1
a07c4f2fe0c,0
a4310412d4a,0
ec4b3a0642e,1
aee19b45da7,0
5b267a85356,1
5b82470145c,1
c67aef12f59,0
b32c9e13203,0
49ea89f8c8d,0
c77b5324377,0
0e3d26915bb,1
6eaea6c838a,0
3f56ba5e7ef,0
429b7f8b375,1
fa4d7451280,1
5a15b05f8e6,0
da950158347,1
a9906d664b9,0
a7504710b28,0
58272c105c3,0
5036eaa3dd7,0
e6e349873cd,0
d06a287d59b,0
2c61e01da9a,0
027454a38c1,1
6e8678c9770,0
0ea877da69b,0
0b1c32193f8,0
1f17cb12f6f,0
4dc17c055a9,1
41787fd2ae7,1
d9ed5c48a2a,0
8fbfb048e9b,1
f9a47bced2a,0
d64042060ca,0
9dc274eb398,0
8af5effa887,0
5d04921e9ab,0
c47a4a64d90,0
1ba5d4f4fdf,0
bcb5d6714bf,0
ec30ebdd087,0
9acc2aa6e9c,0
476e8dce604,0
ac784496ef2,1
d14715aa00e,0
afcb6aaeb2e,0
de73ca5b555,0
b64bd2c17d6,0
97485a795d2,1
63e75386ffa,0
aefc9be4896,0
a61d3b6f00a,0
e5de737c20a,1
94ab221cade,1
368829e3705,1
18d7bbb8d52,1
4691b4e9c68,1
ae644fd5803,1
9e0611fe048,0
9ff51929c0e,1
1560bf42fb9,1
6f52be04b6a,1
51ef1bb261d,0
8d7d14891c6,0
2993ae49f45,0
456f76eabbc,1
db31254223b,0
b4c533a3d9c,0
a47ff5d0a8d,0
4184458bb82,0
54db7fda450,0
1a168c2de13,0
157677645ae,1
22447120af7,1
d899cf0444d,1
53f88a9e0da,1
f9298ed0f45,0
6d884d7af19,1
1bc6329d555,0
34b5a1aac65,1
9376a92b384,0
cabcdc3d475,0
69d7b289fe8,1
cdc4a94bf36,0
c23f9c614cc,1
0c30c6cab9d,0
1d10da1f191,1
5a967f8d247,0
d7e56fb03c9,0
20aaff6d7c3,0
44fc23b5333,1
d45c5391e39,1
441bba75f05,1
5d14cb62599,0
d6e5b394fda,1
eaf97ae5b51,1
17b935b8140,1
529a9ee569e,0
d7af990bdf6,0
f8fb908ba92,1
7802a94e314,0
f387dcf88ff,0
26e464687cd,1
ceb1dce11db,1
8d3579ec37b,1
e3daad4ba61,0
e412c5dc9cc,0
d2b24022d5b,0
fdebac970de,0
ddf8b8050b6,0
58724ba0867,0
bc0d785ee5b,0
2f6e65cb0bb,0
e97c2f092a6,1
072b1cdc067,1
f97e5277cd7,1
d2143ba770e,0
a9b610a65c5,0
f4becf5789f,1
97c70c41f2a,0
851f5499ab1,1
6aa9aeed229,0
d599ce5f713,1
21efc3f8dcb,0
1f97d9c5a2b,0
c8f7cb5544c,0
7bb81b65768,0
acee8e5e9ad,1
65999daf929,0
883867a7d24,0
1e94a89b42a,0
b61efaa4acc,0
fa280d7c5dc,0
2717f1978ef,1
a421a8d88e1,0
ccce00e52e1,0
c346a768da8,0
8d92f6f1b43,0
46da44c4403,0
aa1ad11c33d,1
48545812c09,0
e896f36f5cc,1
b776bbee38f,0
62356821113,1
f124c57c0dc,1
50f129c9759,1
4f5aa5b86ce,0
6a2326965c9,1
bca7ac1ce35,0
f0c4e217fcc,1
b00a25fa64a,0
add78acf606,0
7adceff1b3e,0
4c215fb3ec3,0
ee6ec3210e1,1
722be26b99f,1
734f1124db4,0
b4fa7bfb2fc,0
f68db40f2ce,0
ee267faaa13,0
c4afd7cd197,0
5c6e349a03d,0
e9ba63762c7,1
25ef733847e,1
b2082ca376d,0
eb18a9eb47d,1
90ac12f1892,0
f2c6a9ffd93,1
78959b3796f,0
ef7c8581515,0
77b81d720d0,0
484be070a83,0
847e5e064f0,1
27875566507,1
61598eac74c,0
f7c880503a9,0
918bb27ebdd,1
d9568ab247d,1
1292339d865,0
50e0f7ef1df,1
6f3ef0a9340,0
e2a0df891e3,1
fa6fe0ce9bc,0
9c710a13fd6,1
9b22b288986,0
8dc2d2f67ee,0
ab0437b50bf,1
7656436b515,0
040af585a26,1
85e0f8670ac,0
f7e8e6bf150,0
4ba1986d921,0
d2d84606b62,0
344eecbcf8b,1
22dd65415be,1
d08a498a227,1
b6949511636,1
5adb6763914,1
94eb0290be9,0
bf72c42e01b,0
88c223de060,1
fe1bf20939c,1
db844de1287,1
893de4411c3,0
8c9447d7acc,1
aa20e1c504d,0
27c63c1f0b0,1
2c130f8a71d,0
017bef7c79e,0
b04b90f7a60,0
17f4f4a0612,0
f7ee7713c33,0
842f7aaf78f,0
a7be381d49d,0
b0a9ae4f242,1
404f47c8562,0
f1be6ed309c,1
64c03a21964,0
6940cc893b9,0
31ba47441af,0
a247c81004f,1
887ec3c267b,0
078b7e0d9f0,1
f8395c7239a,0
b21f1995dbb,1
aedf79f3b3b,1
c0903d300c6,0
26ed47b4547,0
fcbb2739011,0
6dfb7c5d286,1
62cb36a46f6,0
b40dfa5f933,1
35f72e30486,0
d1912699e6b,0
99ba2719136,1
97c0915d27b,0
31b5153d22c,1
38f65dbc5ae,0
be1d0187dc5,1
c4c4aa45503,1
639645cff27,0
c9935fce660,1
ac09940813a,1
7b6d1dd1299,0
6d3fd562913,1
6526c685d15,0
0c2290e785c,0
1661874abd5,0
a391ce95bf8,0
a7d3b420009,0
db119270530,0
51b03665dfb,1
03955641c31,0
67ddb6420b0,0
6ab63ebff0d,0
f52cc7ceab8,1
6e873872738,0
1e9d754fa0c,1
3ee0de15965,1
2ee8c2449a1,1
4a65197fcbd,0
5e95629786b,0
d4280bb8bbb,1
ea927a4695e,1
e5ad642f4f7,0
b1b48bb3ef3,1
93bcc95a433,1
01392ec4b7a,0
455645dadc3,1
92bcd5f8448,0
6ff71260b4d,0
ed58d23c5fb,1
75764bf6f80,1
e18c6e62f0d,0
58ccdf894fb,0
d54ebc3804b,1
3dde874f5bb,0
7451ba071c6,1
91c52b8b384,0
6c0ce6493b1,1
6faa0317462,0
e0700842439,0
ace603c22b2,1
2e3e1b309c7,1
16ab96794f8,1
0c9e4cd684e,1
159cf1944ba,1
6afe25b69a4,0
82e2ed327c4,0
13ce05c9fb5,0
19da3d0346d,0
454e277e19b,1
c2a594c7463,1
0da5b0c0160,1
babbea095f6,0
a4d542415b6,0
f3b98cec077,0
3cc84162bc7,1
5c88583ce34,1
f18e8af9d6f,1
28226b4a83e,0
ce0918620ad,1
f688c626b2c,1
8631511320f,1
cf550546f52,1
2479aff6e9c,1
c15a54c5463,1
8586cf0ff09,1
537944b0fff,0
c572f30e852,1
811462c3a71,0
0c122f12a00,1
18b4b6ac22b,1
93550aeef82,0
cd05090cd6b,1
b612009b071,1
a5f73faf626,0
76986f53e1c,0
0af25049ff9,1
74a0ea9d83c,0
596f75e6c81,0
0f400cfb6cd,1
e64807cde7e,1
fa0734a4662,1
33eca502e15,0
e3db8d067c1,1
ce923d274d4,0
b2dc4ef682c,0
3f690249391,1
cd01e42e41a,1
7fb33beb9a8,0
46da9db1aab,0
66a2299ce41,0
0e8310d68f8,0
7083357241b,0
f51a94674dc,1
dfbd545ece2,1
e7fe0923c90,0
92fb15d8bed,1
0f49c653797,0
284f066cdc9,0
da7ab44c699,0
7a0cf5f6e2d,1
4c11f1606bc,0
394053c6bd5,1
fd7e4332b44,0
27008c52f2d,0
3d758c2f6c7,1
df6753c01f1,0
b850b1fbaaa,0
171a1da5ccc,0
05e08212c7c,0
69cee0cc3e0,0
85a1f4147cd,1
180c3251021,0
aa1c7cc4316,1
06381338508,1
5c588bc061e,0
9f42ee51360,0
4e03662fce1,0
19673854978,1
5eb79e7f521,0
881cac4ad46,1
9f93f716e13,0
d92b03325bc,1
6f5b4616812,0
2836d8a2431,1
395f4ca0e72,1
eb1113891bf,0
ba7654c7ba0,1
7596ac32e2e,0
97958202e68,0
838c9628905,1
795c9d82586,1
a588dbedd6a,0
9e1a56a5fca,1
be705e08ef3,1
b3143a1fb2a,1
c3164d81c8e,0
52032ce5959,1
36875c22050,0
dc7a663a203,1
0ee66f298c9,0
9e1cbc4200b,0
a157217a593,1
bd381ffe6dd,0
1108a2d5df1,1
b2e73c5e477,0
5198279eb79,0
54bbd45fc0a,0
54ba1934cab,0
5b94a086f05,0
1e81d38cce6,0
30685657d6b,0
387f6da8688,1
7949155edae,1
36b8c24a7ad,1
22e782ac93e,1
11ecf1d2125,1
34975f0b449,0
1a5e0f1cc72,0
a443f5686dd,1
1365ef776ad,1
e1e7427d3ae,1
c08081a0d62,0
e279471347b,1
b9efb50ffd3,0
560690aeb02,1
a59ee8e2d6a,0
842318073a4,0
c7c81642efd,0
9bfa369f697,0
51d40df5679,1
1bb5f14cbb9,0
dbeb5544239,1
df21133ef0b,1
48f5b00492c,0
d8ee8c074b3,0
e00065944a0,1
f0dea396661,0
f74be828e65,1
8109f97d60d,0
a81fa406d94,0
a9f0905d426,1
badb008179a,0
b41d353663e,0
5d4b4ceed24,0
3d1cdc6d585,0
dfff6b1c1b3,0
88752a54d6a,0
30a8bd615d6,0
ea6d6509959,1
59b4a956953,0
b05f8a955b6,0
6ef267021ee,0
8c4401e86e6,1
d00a945b628,0
38b2e9fc80b,0
f4d0a9e92d3,1
6c3cc20223e,0
f802953efca,0
4a058a29017,0
cb5ba58341f,0
ee4653f1d03,0
325ef14f4c6,0
890affc1c06,0
d4d29267cc9,1
49c12f2f0f2,0
f3cc676370a,0
1ba5ce635ca,1
ea46379dbad,1
99a6a9e8d71,0
75db0da5293,0
d4b5525195f,1
109ab068c52,0
fc7de080234,1
2df8a4a3cb3,0
4134095a532,1
2fd9e960d79,0
2116f468b23,0
1b0c6a220bf,0
916dadd6ca4,1
384a4169c58,0
f5e0a53e1df,0
2de22a7f62c,0
9844ee6b826,1
806956616f1,0
e031b3d57c7,1
6cb0c247695,0
89de121e834,0
c65a20d6249,0
95b86a4e59b,0
4e6848ea93b,1
1266b267354,1
35c4545ac6a,1
5a329d18fb0,1
820184b4589,0
2af66b7bae8,1
fdd0bfa3e3a,1
35d81e8be35,1
2efa65dff1d,0
254185a204f,0
bad546b7a8b,0
76276fa6641,0
2956a8558d0,0
691711e0f37,0
d265561a4e9,0
2689299b89b,0
dfb3c35a223,1
a8ec2487da7,1
8d9ea1a92d3,0
df0d558352e,0
7a18a00929b,0
22d15bab103,0
8b5faf3c5f8,0
bf66aff3550,0
4ddb4bb1c0f,0
d0782465059,1
fd4a23258b1,1
feda1a46654,0
2fb34b96034,0
34371ac33ff,0
b2e88ba3c6c,1
0af2027a32b,1
fc0ea06b140,0
910585227bf,0
d1b8cdae50c,1
6d42b00a9f7,0
e7e97560c67,1
4dc431c327e,0
9f2c4ff3090,0
28e2a6e3642,0
605c14bf0c6,1
7f0cd75d5f2,0
eb193c220df,1
5e7b48051ee,1
da3ad6adf56,1
c27af70f8e0,1
b8856cedb39,0
84a29c49f8f,1
8bbba7a8ded,1
b1d361ab23d,0
f5a00c7ec33,1
f98f938f621,0
b41f6ba268d,1
daf4aa94df0,1
fb54e303f29,1
9b5d8873e2a,0
5e533862dc3,0
3361a4ef397,0
66d716fb2f2,0
13af7908c8e,1
49df1936a6d,1
902ec4619ca,0
57874356c70,0
3859322fcf8,1
ad3c9af9256,0
4406138852d,1
dfe9980adc2,0
806fa8d5b9a,1
320048b864e,1
b77eec2dd6b,1
21ad5f656bd,1
16256410b25,1
408c9ce0425,1
9a62b2802db,0
71524d53f8c,1
31f95556727,1
06b2b113e37,1
0398dfef43c,0
a108488ff4c,0
986c2308065,1
a638efbee13,0
97c3564a3d3,0
4e5c5bf7d72,0
7ba167771f4,0
2748dbb5b4c,0
004d0bbb51c,0
ea1a10ff3f4,0
6d35f4c6ca5,1
992ce85f10a,0
509a29784f3,0
6d972327e8c,1
15fe738fba0,0
985a17064f4,0
98175ac046c,1
ecb45d13323,1
cf437d21706,0
00979226f38,0
e66d1f42998,0
e61e73a4673,1
5dee3caaa64,0
d4b6fc7f702,0
093037e1ce6,1
f994532f271,0
06f08e9dc78,0
7c7f9a76a9a,0
4ca02cfc7ac,1
be3e612fff1,1
ada30e84cce,1
3af69d9caca,0
ae4a00607f0,1
65debca2f6f,1
8c3f55446ea,1
77e2e063385,0
8accfb7f16a,1
f26e3adc914,1
a76533c382a,1
8e85b32d99b,1
d7e30ffd79d,1
d596f4a49d4,1
ac2b80a67fa,0
388ae203321,0
a14e35bf747,1
1bd3ec0349f,1
a3490b8e087,0
ee0c1a0abd4,0
58cda9f2160,0
159a5034023,0
7744977ce3a,1
ec91737124e,0
3994079004c,0
21f6891df4c,0
bab0f5bcab8,0
4fe6596440f,0
cb3dae16bed,1
3e2091fe0d3,0
73ac808038a,0
033e7768a13,0
7df10cee819,1
2a71d37d062,0
6e11955c4b0,0
780c7eb3e1a,0
1ebc79a70e5,1
cd1c377a2de,1
3cd4764e094,0
cf399e9e723,0
dccc8e4c471,0
8e0afed0ece,1
edf84592a5d,0
76d52b1d30b,0
e93eb538fe1,0
f2b4b023f7d,1
d8a09f7aeb5,1
a3345595a98,0
136ffdfac0d,1
8e83902a0e1,0
2fab81a788a,0
9ab432def37,1
3d9f38e34b2,0
b7cbb846cf1,0
c547ca63176,0
9867b9eeaba,0
ff828a655e2,0
b611ea1b20c,0
f54784628e2,1
5d5b7e16cda,0
10250fc0265,1
0a016c4f60f,0
e6d7922f329,1
3c247b610a9,1
a5f0e6d254d,0
49d0627845e,0
955e064c47d,0
17a72f9dd4e,0
3cdf91e4231,0
bbfc89b3aca,1
eabf212666a,1
0df847b98ef,1
f35cc1c937d,1
6593cd6779a,0
53e4b06dcbc,0
fb591e11f99,0
a21d72c39d8,1
cb30a79949d,0
685afafd04d,1
b560200a7c6,0
031f03ddd3d,0
a7133fd0588,0
36af8656ce6,0
d84ee6170c5,0
ab683ee7ac4,1
0414f6828c0,1
0714923e54a,0
723393461e8,0
cc6b75b6a4d,0
84adc820742,1
5c2e5b8920a,0
2b1a81cd0ca,1
48b552033df,1
fd0ed5fd9ad,0
53f00c66501,1
6b1a4208e49,0
ac44e207c1e,0
78d6cf456a7,1
f83c9c4151d,1
ac62d99a103,1
d1a1f64f105,0
4173fea5106,1
f1a478ee9e7,0
264d9559344,0
859e3c6f923,1
bea83e6cdad,1
ccf09c9c25b,0
0e672cbcdba,0
2b517d5d6d1,1
5c2a8560e69,0
e7d0fdda3dd,0
12b3ae3b673,0
6d3e283aa54,0
eabec7e8296,0
5802a942672,1
1dc0fe407e2,1
935e46a4f22,0
04dc85b8fef,1
26b95fdc9d9,1
4b54c97460e,1
79179fca98d,0
5d7c921e8fb,1
9b33bf57525,0
99c59ac4c7f,1
2991606c14d,0
2c8fc8138ec,1
5e6a11e469f,1
e1369807d51,1
be0b453f7f0,1
4f326f9aacc,0
0cc0fb98c0f,0
ae01ada3db7,1
b7b72691833,0
09ea468a78b,1
87538ec5d03,1
bac58f6eb26,1
ec2203c58db,0
b4010be7720,0
de02fb9aa0c,0
47dbe6d6207,1
551865c9d97,0
f17b54fde65,1
a81571c8ab9,1
86dcf561ab9,1
d6eed3d0be8,0
181403f6f2c,1
af5d2fae6e1,0
ec19c169d81,1
6bd02815146,1
ce92303fd01,0
024fdace48e,0
21b8948314f,1
0cc7286c998,1
e5eb47afffb,0
ae3a40caa00,1
7cf0f3a5068,0
40c06268757,1
f41be07454b,0
6e11843535b,1
32a7f2d26ce,1
868cba09a68,1
5ae11614f70,0
6d8615eed36,1
b642d32ccf6,0
da20a981065,1
5782325d4db,1
95cc986e1c7,0
1bcc1ea6881,1
b7c4376dbd9,0
aa706c5d8c3,1
5a89c597db7,0
f78264e3330,1
ecc1f1f0c53,0
ff77f0ecb52,1
66a631df209,1
95ee8eab7af,0
4de6fedc06a,0
7904d230699,0
90f6b43219e,0
3c7d8db83d0,1
ee589b60722,0
3b5f1d8bd5a,0
bcd8c038e03,1
a65b2069017,0
7395b471358,1
3abdfad1bb8,0
998ebba3a37,1
67e26b97b37,1
29280085413,1
116f112c9aa,0
89d76a11075,0
c4b4bd74b62,1
a6ccc30288c,0
2e03a79022c,0
ae5e7cb1e35,0
a33d3c7a06d,0
f2701bf0069,0
0f92008a8b8,1
cd3f3e6b973,1
3f938c82925,0
fbfbbf0aa20,0
0722a42a5b6,0
acddb25d6e0,1
beae01b4918,0
990924c2acf,0
6a8198df07c,1
5fb963e4b75,1
f13c8f1eff0,1
40149c57605,1
bedef2b5466,1
e25eb3da98b,0
0c1c1ccf599,0
253ff8ea87b,0
28deaedaec6,0
3e35570d6e9,1
e38ceb3c6cc,0
87be32d450e,0
9bf992064d1,0
2178c69ccc6,1
12abb7e87e3,0
e3583d88e50,0
915c560cf76,0
2ff99134fbe,0
d9dc57bf279,1
adcc2a91dea,0
058f495a321,1
fbe251c8c97,1
dfd90ec4b2e,0
19a5f15d24a,1
39c09850a2c,0
4d967b0abfd,0
8dfc1d3720f,0
3c52030b237,0
4d2f61f3213,1
b1512db4ee0,0
da06a7736ab,1
8e01b8edca2,1
34ef3803bc8,0
ad9a0efcf4f,0
b07d639022e,1
02a6023279f,0
5be59ac7821,0
7ebf24c915e,1
cc4c4db8094,0
ad16e3be3f9,1
8e0adce3ac6,1
21ebfc62b77,1
13dd87dc8e0,0
9facf73780f,1
924b0a3bb9f,0
53c4dad5287,0
7434f162317,0
1e44560aff1,1
7c48cfc6431,1
b6178f381ea,1
d2ee2935a0d,1
4f89985f53a,0
7201caee940,1
4405076eaa6,1
b5f6d9160dd,0
91c4612d94d,1
22dd038be8e,1
b0ed0d77ae6,1
61b8a9cf398,0
0b20156d520,0
60ebb544ffe,0
45f132694c7,0
3cc6c181570,0
ab0eb06bc11,0
335652cfc7a,0
f1690ca8012,0
f07b0921d96,0
bc042eeb643,0
c0fd82d52de,0
c3eebf242d1,0
6449ebf6780,1
4b5899d1ba1,0
90dfd1ccfea,1
d2843e58c8d,0
b8981cb9bca,0
e16fbfeaa8e,1
811ee8bb632,1
99a9418473d,0
9bef95b1bde,0
b3eec027754,1
ded5a1d6324,1
8377689d786,1
01fbf9f24af,0
c6d758d373e,0
be885bb3f61,1
2af007dca71,0
d40d3177a7e,0
e8f750317a4,0
9d787116565,1
7ab797414a5,1
94f60d76686,1
22392f8713b,1
ae60ada8634,0
73f68c70dce,1
f5e7db90a1f,0
e1b50e7febf,0
df51d3cd05a,0
da4148c66fd,1
fc8906bf861,0
e47f39fbf52,1
2f80e3a7923,0
13ec09a4b8c,0
cb0f5903f2c,0
cc44a9e2579,1
1a52b26362e,1
a5a4c6e08d1,0
ca0a9269590,0
3801464ef8e,0
d2431a0b2b3,0
6c606c70300,1
06ac24cc193,1
2d0dd20daf6,0
525dc187cea,1
10894093bab,1
734299480e8,1
e646c523ca5,1
330849a4957,0
9acf19c0a83,0
e2d8af33054,1
8c5935db8ef,0
262a5f65fb5,1
31745b9bf71,1
228fcf9c2a6,0
c472df38280,0
0a6cce73747,0
de73a74e71e,0
02ff1700720,1
2e9b6abe954,0
b26ddcb8af4,0
77f57698db5,1
7e3945262c0,0
a9c11a9555b,0
2ef09010c5e,0
768cd6a7aee,0
9c40f61b4c2,1
5bf513f2507,1
e7a24dbf4a6,1
3334fc5090a,1
2f5488793b8,1
f8592f888f2,1
9a7578d42a0,1
1c0064e7559,1
b19006d3acd,1
ed83d10802a,1
df0c80dfad2,1
3284f544ad0,1
92cec115ace,0
e04dae3ad8b,1
e0267a85182,0
107300d733b,0
5e4c1f2d913,0
85377922110,1
16f598fd459,0
a392b65399f,1
6ad2beef86d,0
d9be42ba48d,0
18048a79f59,1
7678fe6f295,0
c3a777d1b89,0
9036fb0cc82,0
e8d0c45d826,1
eaebe9c9072,0
176f7e4f45c,0
c212d95532e,0
fbf13f4a4d8,1
a9e04abeb9b,0
b7116fb3ba0,0
cb08c85bdd4,0
af6c99b865d,1
f54a5d02a39,1
74379b72cf9,0
6326042d058,0
58fdb68d885,1
1b49508602d,0
fbddc56cf6e,1
fc914a43d84,1
fa4b6863009,1
f48abfa4c57,1
b89c4be2635,0
6b2f90436e5,0
e4d0bf8edb5,1
27c1deadcba,0
b55ba88720c,1
ae8e0efb0ce,0
294deca2017,0
36533eceedc,1
bc63b5505b1,0
a6380bc4a4b,1
d8a3b84ffd4,1
a378db64d4e,1
7cfd71fbf27,1
643e22e5853,0
bd03a639e8e,0
e3934ee8496,0
40c13336602,0
2be85c7c47c,0
8e742634ea3,0
3c942a3f5d7,0
83b91c931c3,0
4da704f969e,1
74c140dcb48,1
b19c135c459,1
e4e17f650ac,0
5c61f53c133,1
1c0d4f58f62,0
06ff7a1760b,0
02a240af96d,1
74d112cb719,0
c8c790d6f14,0
dfa91bd3bd7,0
25a17209b5b,0
240d757b714,0
a7d753f0b45,1
b6abba975e5,1
e3895d66f20,1
31e30b4e556,0
a5437f926c8,0
6a6232f95d6,0
2c8c1690f28,1
1a40f804b48,0
98b5c73133d,1
6c2783dbee7,0
af5292e9ffa,0
82a25a6b8f5,1
d014d6fc6d0,0
403f4cc72de,1
2b33339c455,1
2789ba0a373,1
42f18eec2e3,1
9f3b1c32e19,1
f3a2584d688,1
cbe68afad17,0
1f3ca91a296,1
30655b87deb,0
f1b779edfa3,0
6ee1b51f9d7,1
f7a4e73c6fb,1
916ef88e2ac,1
b4f45451d62,1
88e6f7fe17a,1
be4c3311e03,0
05ae0ab8363,1
fed6eb9ac73,0
b6eb94774ec,1
aab35097c34,0
b13e9249b3c,1
1307b4ad241,0
96984b497de,0
c0c384ebf11,0
08ce6a6054f,0
ab0cdbb222e,1
68ee3e34dc3,1
e7afe5525c0,1
c9e2bca4a33,0
737be01387f,1
94cc57950ba,0
e77d052c04e,1
69990b670e3,0
3a642e79364,0
cfa25f0cd38,1
f8717ab51bd,1
d1a690ccb88,1
f44410c4eec,0
5ada78fd800,0
d575022dd86,0
7a09a2b2d94,1
2e284fe0bfa,0
523a8113bce,1
01fb8335257,0
69ed7da0a1a,1
5d3f23ab0f9,1
2160c15e32b,1
4c5d3d0ba58,0
fb7c4ae2517,1
4fbec903525,1
40edad04ae1,0
4bcfcbdfce8,0
a417e588701,1
edfa0f307d0,1
d7ef6def477,1
f0826d98af6,1
5dc3063c873,0
b3ef7677d51,0
b74fac91c80,0
15d32509367,0
6adeb062d88,1
6b3d72a0ba9,0
25879d7c33d,0
f4f19a0d9ba,0
843ea97b287,0
575c4ece16a,0
09ea994f2b6,0
88e4c1109bd,1
f89524093f8,1
4e3c3cb6858,0
86e5f85ecc5,1
1204e87c177,1
5218f3208d2,1
cedc52ce8d8,0
b4e697c6ca6,1
4b098358c44,1
df2705cbc33,0
6ba2249255d,1
ecba67e2578,0
3917f58904a,1
de0c680a9a9,1
feb3a9189cf,0
539306bf013,1
ca97edf6ab8,0
5d39b35273e,0
b8de1c69a85,0
4950e885dac,0
04339b04afc,1
9a1606985ab,0
2d4d1fe7854,0
fda6de64b99,0
617c0db31f6,0
75d213c9a34,1
1abb580efa5,0
1e102c90536,0
74cd8c4fb25,1
42020ad7155,0
0b150a5068e,0
a2d0a04b44c,1
979d56f9828,0
5d1cda1491f,0
c43bca0e4e0,1
f46859ab8a6,0
208592ca8fe,0
090d7ad7eab,0
32461036615,0
a6c07685e5a,1
9a235bd8a86,1
86dadff66d7,1
d1095867896,0
b2c90c58113,1
395030c0053,0
f3852e6708a,1
8629dde70a2,1
a1212638004,1
4c336695bb4,0
4286ce11e3f,0
8c111516f77,0
66832a651e3,1
fb155ec066c,1
f3b51777f4e,1
08c1132f0f8,1
545cf4b6111,1
93c10dbe497,0
747371b998b,0
7b2a513cc89,0
171e50cc9a9,1
745b282dc6e,0
a3681b97fa6,1
0b059d48da9,1
b6f7bf570e4,0
25ad87de558,0
6453d2de20c,1
64c49f0e6bc,1
5f5aa5c9fab,1
2cd85e2162d,1
7484d0573d9,1
97e75929b80,0
8f98170e536,0
a5da3f1f011,0
580873bf0da,1
b868aba1693,0
4687fa555f0,0
04c85718524,0
a36c6ae729e,1
18a7e06f8e5,1
13b2cafab94,1
ebf6156db84,0
043cdafcf62,1
37468545dc9,1
6b010a29eab,0
02825dc08ac,0
d579825515d,0
2559cfb97cd,1
a048d14d4a5,0
50be8ae39ff,0
5ebb16f8889,0
d45507589c6,1
3f0bd5520c5,1
4d6cfc303ac,0
f820be5ef90,1
7e3ae06526a,0
c6fb6de9f99,1
e19db04e730,0
42ac7c33744,0
5307d57a868,1
a28c402119c,0
f7e6de60eac,0
e324e061356,1
54551ef147b,1
e78dee43ef0,0
ec18f1cf625,0
0253e468e05,0
f75796078c1,0
6faf8f365eb,1
7a8e7a29cec,0
d6169ce43fe,0
601491d2ce4,1
183939e2caf,0
909dac8442e,0
942256d0970,0
44827899ce2,1
306cde9cb61,0
eb8c6491641,0
a1353239451,0
f41d95f3449,1
25e80cb7657,0
a5b4c5ac0ee,0
9f69924c8d5,0
8fabbb1d454,1
57b4aa448f1,0
1b98a8a8ba9,0
a8982e81cd8,0
4a6f28eee68,1
f8a684dec9c,0
6b6f0f9146a,1
498bbb1f1af,0
e9f18cf1ece,0
a462ee0466e,0
4ec7924a5d9,1
0241c093728,0
403947376a4,0
7f67f2592d5,1
5671eac5bc5,0
26ed0e03dee,0
5feeaf58a7f,1
ce6ec2f5d59,0
cd31eaac4bb,0
d6837e3fbcd,1
b8d3b694416,1
46ba38a3bc9,0
d6b9be63b7f,0
95a7d10bd5b,0
0753bbae5a1,0
9e12c3c1c6b,0
09cd93465e7,1
cfae99bb9e1,0
8a5480bc0c4,0
3e07d06acb4,1
dd797c38e0b,1
e5a46291c52,0
a21218c2f0d,0
ccc7eabb123,1
c6f18a21028,0
b98bdb04faf,1
9ac27d7866f,1
fc10abe58a4,1
6a062fc407b,0
a643c6d00c5,0
9dc6e1ba969,0
3b17c7a07d9,1
27cc0575709,1
cb590b233d5,1
34cf02b9cd0,0
517674b6e48,0
efd36fc94f3,0
a27a1d92dee,1
7e111154bc9,1
7391f5bd5e1,1
c8903bf37ce,0
b0c4b97f635,0
f3aebc1743e,0
49dadea46a0,0
b93f2fb1791,0
f43998813f9,0
d7eb731fe2e,0
d0fed4356a3,1
114671b481f,1
039454c4574,1
a05540a82f0,0
493e1889777,1
5da9152750e,0
08d1ff9c4d5,0
cd813c79484,0
9849b9032cc,1
5e3c760c0f2,0
fcf349f7927,1
c111ae007d9,0
b146d882e24,0
9e9f9f2fd7b,1
8f802ae13d3,0
b2079a7e729,0
b953b99b213,0
f4ab2b740ee,1
95ab94252b1,0
91d1c637a9a,0
0cff0542798,0
ae9ae32afe6,1
143624fab1e,1
0e198a4ad0c,0
4d254b3d62e,0
e64d094533f,1
72c2b890fa2,0
1ff7d75ec33,0
ad20a149040,0
5d6b713a4b5,0
af7904e793f,1
e97bb60cc3b,1
34fbed90b1f,0
72cefef2160,1
8ff469515fa,0
c14cdf40641,0
2e061693518,0
b40097d87a1,0
bd5dcdaef2d,1
1b25988a101,0
4b0534817ae,0
238dceb96ef,0
78f5fba7c96,0
8e55bdf7eb0,1
f8925e44a9e,1
da48973ffc3,0
c5f00c55603,0
48aba9d8799,0
2a0ecc9661b,0
11919c56d56,1
519b6930b77,0
a60431776ca,1
1f90aa1c6cb,1
709afa360ee,1
c52664feadb,0
e41f0b7cb6a,0
4146958628a,1
d92346334c3,0
aed2ac6f3af,0
b5d1a036ac4,0
7ad94e2cc75,0
960515d7d30,0
5254da71078,0
a5f35d219c7,0
af18eaad475,1
c487a4edb68,1
17930e0325e,0
698ed1fdf3a,0
61156b50c95,0
33f1d03a76f,0
cd441473871,0
e6872a7d778,0
4b084463801,0
bac15eb2dc2,1
ffc155ba13f,1
9de988f4e5e,1
2b8abc4478e,0
39733017608,1
390343335af,0
f0eb5f551fc,1
7a2e7f8be4e,1
0284ff1099a,0
b35f8fab82a,1
f7b854d477b,1
c3c888f8ae0,1
b160fc8bea3,0
eb3e3dd0e1e,0
0804d048e80,1
bd2b48d12d6,0
e9b4824759d,1
5c193c1b8ad,1
1c1848e1a1e,1
9fc0bf7ad8b,1
c6ec8cd8428,1
981b1525287,0
b92cc335359,1
bae11f375b9,0
633bfafc2a2,1
6c0b20a6a7e,0
088ea53d2f7,1
2225201189a,0
9d7b8cdb771,1
332a2458763,0
97be836a597,1
33397669108,1
d420ab6e97f,0
f386e0d8505,0
83bf5217671,0
b86685f7825,0
20f0bfefa13,1
d64823b1a61,1
03c63130d68,0
b11854eeaea,0
4e1b1308d35,0
e7b0e616c92,0
63e0bba7c62,0
f7d30c35406,0
789b053f6c0,1
ddddb63b8a2,0
7aa37005e16,0
dd016f8ea66,0
136321fad80,0
c26aca40b80,1
3e4bbe62ee5,0
f6f7d6531ed,0
c1c45e18172,1
225d676cfef,0
f1f95f5047c,0
02b6463304b,1
2764a4f22cc,0
eee002c3ccd,1
87802fb75a3,1
b0b0e6412c2,0
de01dfd9e72,1
10ee2d3f542,0
b7e8947941c,1
042e8f259ea,1
9fed5b8df25,0
2048c5b2407,0
1d38b66b31c,0
5d9e9798e10,0
4fee77c649f,0
b36b2afec5d,1
4ca27740cac,0
6bf1a9d4883,0
368474aa43a,1
d115ef3dbdd,0
2a65f8dbe07,0
d243b57dfcb,0
9a128845af2,1
8743c648976,0
7470ba5c21c,1
485a4bc4d23,1
9855ae98fa5,1
836d7cc0a7a,1
bbf712988f4,0
463237ff826,1
f3ea2c5b44c,0
cd77865fac5,0
f4ac991492d,1
5fbfd6fe13f,0
4d38b76843a,1
ee83f2ad942,0
a2128f6e93a,1
739bfcaa15f,0
61ee00cea4d,1
14e09931b64,1
52631e89f62,1
341e7501290,1
0ef1c180188,0
a053d60e6bc,1
62e09659fe0,1
b8deee59d59,0
6b3dbe1e9b9,1
a8cba852285,1
3b413f0b631,1
e44c5462ca5,0
9095b844b3d,0
8ed9225d30d,1
a3cb2a10f44,0
30429ca6772,0
92a67918c24,1
f8e620a5e93,0
7d8aa3c0977,0
a9b739764d4,0
5d11ab1a9d1,1
02e4b4946a0,1
0284c56d9f1,1
4d851407e10,1
4aab36c0162,0
9a05c390ab7,1
aeba5d691c5,1
bd8eed6437e,0
6a0ea0a50db,0
cc5d772d611,1
4bcc5350765,0
adf385e4cd3,1
cab62370c71,1
c06a1a85ab9,0
25f47e16f77,1
11e67cbd79e,1
fbca5aee927,1
0161bbe7f12,0
4e429792c0f,0
604358f2e77,0
6fd8630ba7d,0
0a74f805182,0
706f45fb338,1
90fff77dc2a,0
13a9d2c7de7,1
922d434ac55,1
461e0c47641,0
89ad1e257de,1
27b57446a5b,1
6d89292cca9,0
6d5a08f77f9,0
e6d1a06e07d,1
1bdefec091e,0
de0422d2752,0
5d329a8ef5d,1
6e08ffa96f5,1
bf475818b55,0
4fe65f38fc9,0
b652084821f,0
7d87e65c159,0
96e0da02f86,0
f3713b785cc,0
9394aad4e47,1
63c1e70d2bc,1
d879209558e,1
f3f4572d4a0,1
3f728151057,0
6ecbfbe38fc,0
a18ea7b3486,1
f683f495bd9,1
af5a736fd6a,1
894b5fa41b0,0
781cdd1fbff,1
c8b889b6116,1
dcccc90b084,1
845a7a41b06,0
ba2714d6efe,1
f8bfeb0e444,0
ab20f791fac,0
77fa407f816,1
4d1609fa3a1,1
46a3100fb1b,0
492f5e51862,1
fe994a55b17,1
dda1b72f783,0
3d99f017270,0
615215d3de9,0
c20631d46b9,0
431b6e98a74,1
8058230eb34,0
35a104f9d67,0
7023b12e62c,0
8f20a407eea,1
458a920d868,1
a32804acba0,1
4ae9a3cb89c,0
ce09cd54eb2,1
30ed375925c,1
34e999b77b2,0
4856dca7ede,1
12e1480f9a9,0
01de2278b5f,0
5ecb04a3fd6,0
4837a3afa48,0
91665aeb119,0
0da6f8360fb,1
8cc3e82f3ac,0
c680ce4bc75,1
0f92678e396,1
05eb6f95be8,0
32a5977b6d6,1
ad42cfdb08c,0
09b323279f1,0
52b16ae0b4b,0
da6951b9325,0
48d93169b9a,0
57f534ad173,0
d167361d74c,1
710c1844c71,1
b9c2f162894,0
cb2a6b8723e,0
5b4d930b32c,0
4dda813fac6,0
4a72b315c99,0
afeeae5fbff,1
25de8456194,0
6ec3d0a2e71,0
dd9cc989a44,1
19ecb5cd698,0
d1ac6d902de,1
e8c19edd044,1
7139f39bee2,0
f78fbc8bde7,1
